Row1,Value1
Row2,Value2
Row3,Value3
Row4,Value4

Header Row 0,Header Row 1,Header Row 2,Header Row 3,Header Row 4,Header Row 5
Data Row 0,Data Row 1,Data Row 2,Data Row 3,Data Row 4,Data Row 5
Data Row 0,Data Row 1,Data Row 2,Data Row 3,Data Row 4,Data Row 5,
Data Row 0,Data Row 1,Data Row 2,Data Row 3,Data Row 4,Data Row 5,
Data Row 0,Data Row 1,Data Row 2,Data Row 3,Data Row 4,Data Row 5,
Data Row 0,Data Row 1,Data Row 2,Data Row 3,Data Row 4,Data Row 5,
Data Row 0,Data Row 1,Data Row 2,Data Row 3,Data Row 4,Data Row 5,
Data Row 0,Data Row 1,Data Row 2,Data Row 3,Data Row 4,Data Row 5,
Data Row 0,Data Row 1,Data Row 2,Data Row 3,Data Row 4,Data Row 5,
Data Row 0,Data Row 1,Data Row 2,Data Row 3,Data Row 4,Data Row 5,
Data Row 0,Data Row 1,Data Row 2,Data Row 3,Data Row 4,Data Row 5,
