<?xml version="1.0" encoding="UTF-8"?>
<!DOCTYPE log4j:configuration PUBLIC "-//APACHE//DTD LOG4J 1.2//EN" "log4j.dtd">
<log4j:configuration xmlns:log4j="http://jakarta.apache.org/log4j/">

	<!-- Appenders -->
	<appender name="console" class="org.apache.log4j.ConsoleAppender">
		<param name="Target" value="System.out" />
		<layout class="org.apache.log4j.PatternLayout">
			<param name="ConversionPattern" value="%-5p: %c - %m%n" />
		</layout>
	</appender>
	
	<appender name="file" class="org.apache.log4j.FileAppender">
        <param name="file" value="C:\\Users\\xprk259\\NAFD\\logs\\ZZZZZLogfile.log" />
        <param name="append" value="false" />
        <param name="threshold" value="debug" />
        <layout class="org.apache.log4j.PatternLayout">
            <param name="ConversionPattern" value="%d{ISO8601} %-5p [%c{1}] - %m%n" />
        </layout>
    </appender>
	
	<!-- Application Loggers -->
	<logger name="com.prokarma.app">
		<level value="debug" />
	</logger>
	
	<!-- 3rdparty Loggers -->
	<logger name="org.springframework.core">
		<level value="debug" />
	</logger>
	
	<logger name="org.springframework.beans">
		<level value="debug" />
	</logger>
	
	<logger name="org.springframework.context">
		<level value="debug" />
	</logger>

	<logger name="org.springframework.web">
		<level value="debug" />
	</logger>
	
	<logger name="org.springframework.data.mongodb.core">
		<level value="debug" />
	</logger>

	<!-- Root Logger -->
	<root>
		<priority value="warn" />
		<appender-ref ref="console" />
		<appender-ref ref="file" />
	</root>
	
</log4j:configuration>
